{
    "vertex_count": 7446238,
    "edge_count": 8504779,
    "density": 3.067745023962534e-07,
    "component_count": 75995,
    "avg_node_degree": 2.284315650399571
}