{
    "vertex_count": 957754,
    "edge_count": 1274143,
    "density": 2.778053932605695e-06,
    "component_count": 1,
    "avg_node_degree": 2.6606894881149024
}