{
    "vertex_count": 332899,
    "edge_count": 1615033,
    "density": 2.9146587848423356e-05,
    "component_count": 1,
    "avg_node_degree": 9.702840801564438
}