{
    "vertex_count": 7446754,
    "edge_count": 8626590,
    "density": 3.1112520577856355e-07,
    "component_count": 80786,
    "avg_node_degree": 2.3168725595071358
}