{
    "vertex_count": 7453776,
    "edge_count": 9581204,
    "density": 3.449033928289834e-07,
    "component_count": 48298,
    "avg_node_degree": 2.570832286883856
}