{
    "vertex_count": 1664496,
    "edge_count": 3720941,
    "density": 2.6860712517032123e-06,
    "component_count": 204,
    "avg_node_degree": 4.4709521681037385
}