{
    "vertex_count": 11155827,
    "edge_count": 12727850,
    "density": 2.0454154942485369e-07,
    "component_count": 122130,
    "avg_node_degree": 2.281829935154068
}