{
    "vertex_count": 2496744,
    "edge_count": 6295457,
    "density": 2.0198048083491315e-06,
    "component_count": 239,
    "avg_node_degree": 5.0429335166120355
}