{
    "vertex_count": 1664496,
    "edge_count": 5093709,
    "density": 3.6770444114652497e-06,
    "component_count": 346,
    "avg_node_degree": 6.120422037661851
}