{
    "vertex_count": 1664496,
    "edge_count": 3209551,
    "density": 2.3169092635371794e-06,
    "component_count": 159,
    "avg_node_degree": 3.856483884611318
}