{
    "vertex_count": 332899,
    "edge_count": 1509344,
    "density": 2.723921275261292e-05,
    "component_count": 1,
    "avg_node_degree": 9.067879446919337
}