{
    "vertex_count": 332899,
    "edge_count": 2203102,
    "density": 3.975950087833326e-05,
    "component_count": 1,
    "avg_node_degree": 13.235858323395384
}