{
    "vertex_count": 1509908,
    "edge_count": 1949292,
    "density": 1.7100397723693307e-06,
    "component_count": 1,
    "avg_node_degree": 2.582001022578859
}