{
    "vertex_count": 957754,
    "edge_count": 1924783,
    "density": 4.1966647248876985e-06,
    "component_count": 1,
    "avg_node_degree": 4.019368230255369
}