{
    "vertex_count": 1664496,
    "edge_count": 4536076,
    "density": 3.2745005468081595e-06,
    "component_count": 102,
    "avg_node_degree": 5.450389787659447
}