{
    "vertex_count": 1509908,
    "edge_count": 2412449,
    "density": 2.1163498022936633e-06,
    "component_count": 1,
    "avg_node_degree": 3.195491380931818
}