{
    "vertex_count": 1664496,
    "edge_count": 5367224,
    "density": 3.874489299306686e-06,
    "component_count": 62,
    "avg_node_degree": 6.449068066249484
}