{
    "vertex_count": 7442472,
    "edge_count": 8930198,
    "density": 3.2244579917991746e-07,
    "component_count": 70611,
    "avg_node_degree": 2.3997935094683593
}