{
    "vertex_count": 1664496,
    "edge_count": 6592684,
    "density": 4.759123824850687e-06,
    "component_count": 87,
    "avg_node_degree": 7.921537810844844
}