{
    "vertex_count": 7449983,
    "edge_count": 9359744,
    "density": 3.3727446410906375e-07,
    "component_count": 53477,
    "avg_node_degree": 2.512688686672171
}