{
    "vertex_count": 2496744,
    "edge_count": 5421876,
    "density": 1.739529189870212e-06,
    "component_count": 368,
    "avg_node_degree": 4.343157328104123
}