{
    "vertex_count": 1509908,
    "edge_count": 2355331,
    "density": 2.0662423521434595e-06,
    "component_count": 1,
    "avg_node_degree": 3.119833791197874
}