{
    "vertex_count": 2496744,
    "edge_count": 5412509,
    "density": 1.7365239256551113e-06,
    "component_count": 311,
    "avg_node_degree": 4.335653955711919
}