{
    "vertex_count": 332899,
    "edge_count": 962404,
    "density": 1.7368557008849994e-05,
    "component_count": 1,
    "avg_node_degree": 5.781957891132145
}