{
    "vertex_count": 11165830,
    "edge_count": 13238567,
    "density": 2.1236795715998823e-07,
    "component_count": 100912,
    "avg_node_degree": 2.3712642947277542
}