{
    "vertex_count": 957754,
    "edge_count": 1625347,
    "density": 3.5437950255182257e-06,
    "component_count": 1,
    "avg_node_degree": 3.394080317075157
}