{
    "vertex_count": 11174151,
    "edge_count": 12128118,
    "density": 1.9426491688888388e-07,
    "component_count": 272192,
    "avg_node_degree": 2.170745321053922
}