{
    "vertex_count": 11151776,
    "edge_count": 12638691,
    "density": 2.032563188457931e-07,
    "component_count": 130227,
    "avg_node_degree": 2.266668735096544
}