{
    "vertex_count": 1509908,
    "edge_count": 1909698,
    "density": 1.6753054612721778e-06,
    "component_count": 1,
    "avg_node_degree": 2.5295554431130904
}