{
    "vertex_count": 2496744,
    "edge_count": 5897633,
    "density": 1.8921688276607263e-06,
    "component_count": 178,
    "avg_node_degree": 4.724259275280125
}