{
    "vertex_count": 1509908,
    "edge_count": 2069056,
    "density": 1.8151041769316235e-06,
    "component_count": 1,
    "avg_node_degree": 2.740638502478297
}