{
    "vertex_count": 332899,
    "edge_count": 1310133,
    "density": 2.3644041067655233e-05,
    "component_count": 1,
    "avg_node_degree": 7.871053983340293
}