{
    "vertex_count": 2496744,
    "edge_count": 5269930,
    "density": 1.6907795500252544e-06,
    "component_count": 603,
    "avg_node_degree": 4.2214420060687035
}