{
    "vertex_count": 1664496,
    "edge_count": 5879984,
    "density": 4.244640262469859e-06,
    "component_count": 335,
    "avg_node_degree": 7.065182493679768
}