{
    "vertex_count": 332899,
    "edge_count": 1954964,
    "density": 3.528134097972309e-05,
    "component_count": 1,
    "avg_node_degree": 11.745087849467856
}