{
    "vertex_count": 7451146,
    "edge_count": 8579382,
    "density": 3.090579452980674e-07,
    "component_count": 81040,
    "avg_node_degree": 2.3028355638179683
}