{
    "vertex_count": 1509908,
    "edge_count": 1953494,
    "density": 1.7137260272369935e-06,
    "component_count": 1,
    "avg_node_degree": 2.587566924607327
}