{
    "vertex_count": 1664496,
    "edge_count": 2895207,
    "density": 2.0899907551422883e-06,
    "component_count": 285,
    "avg_node_degree": 3.4787791619805635
}