{
    "vertex_count": 2496744,
    "edge_count": 6241633,
    "density": 2.0025361693917715e-06,
    "component_count": 710,
    "avg_node_degree": 4.99981816317572
}