{
    "vertex_count": 957754,
    "edge_count": 1473013,
    "density": 3.211656429010961e-06,
    "component_count": 1,
    "avg_node_degree": 3.0759735798545345
}