{
    "vertex_count": 11154876,
    "edge_count": 11795773,
    "density": 1.8959502929577882e-07,
    "component_count": 266565,
    "avg_node_degree": 2.1149088524157507
}