{
    "vertex_count": 957754,
    "edge_count": 1404790,
    "density": 3.062907683034914e-06,
    "component_count": 1,
    "avg_node_degree": 2.933509022149738
}