{
    "vertex_count": 957754,
    "edge_count": 1682038,
    "density": 3.667400190317898e-06,
    "component_count": 1,
    "avg_node_degree": 3.512463534477538
}