{
    "vertex_count": 11154714,
    "edge_count": 12834124,
    "density": 2.0629057489909415e-07,
    "component_count": 118605,
    "avg_node_degree": 2.3011121576043996
}