{
    "vertex_count": 1509908,
    "edge_count": 2184745,
    "density": 1.9165937388985507e-06,
    "component_count": 1,
    "avg_node_degree": 2.8938783025190937
}