{
    "vertex_count": 1509908,
    "edge_count": 1797653,
    "density": 1.5770126419843947e-06,
    "component_count": 1,
    "avg_node_degree": 2.3811424272207313
}