{
    "vertex_count": 332899,
    "edge_count": 1728529,
    "density": 3.119485629522578e-05,
    "component_count": 2,
    "avg_node_degree": 10.384705270968071
}