{
    "vertex_count": 7450121,
    "edge_count": 8967922,
    "density": 3.23143350436096e-07,
    "component_count": 70883,
    "avg_node_degree": 2.4074567379509677
}