{
    "vertex_count": 957754,
    "edge_count": 1652579,
    "density": 3.6031698089551853e-06,
    "component_count": 1,
    "avg_node_degree": 3.4509466940362556
}