{
    "vertex_count": 957754,
    "edge_count": 1801950,
    "density": 3.928848083660022e-06,
    "component_count": 1,
    "avg_node_degree": 3.7628660386696375
}