{
    "vertex_count": 2496744,
    "edge_count": 5369058,
    "density": 1.7225833112203564e-06,
    "component_count": 654,
    "avg_node_degree": 4.3008478242062465
}