{
    "vertex_count": 332899,
    "edge_count": 807938,
    "density": 1.4580900757495029e-05,
    "component_count": 1,
    "avg_node_degree": 4.8539527003685805
}