{
    "vertex_count": 7183164,
    "edge_count": 10434817,
    "density": 4.044672192175585e-07,
    "component_count": 7364,
    "node_connectivity": 0,
    "avg_node_degree": 2.905353963796455,
    "diameter": Infinity,
    "avg_shortest_path": -Infinity
}