{
    "vertex_count": 7443834,
    "edge_count": 8199815,
    "density": 2.959652679807134e-07,
    "component_count": 90938,
    "avg_node_degree": 2.2031160286486777
}