{
    "vertex_count": 11170595,
    "edge_count": 13276306,
    "density": 2.1279169577209194e-07,
    "component_count": 103275,
    "avg_node_degree": 2.3770096400415555
}